id;nama_wisata;kabupaten;kategori_asli;kategori;htm_label;htm_min;htm_max;longitude;latitude;rating;deskripsi_singkat;image;image_status;google_maps_url
curug-banyunibo;Curug Banyunibo;Bantul;Air Terjun;Air Terjun;Rp 5.000;5000;5000;110.2867514;-7.867329743;4.2;Curug Banyunibo menyajikan aliran air alami, tebing, dan suasana sejuk yang cocok untuk rekreasi alam.;assets/img/curug-banyu-nibo.jpeg;matched;https://www.google.com/maps?q=-7.867329743,110.2867514
goa-selarong;Goa Selarong;Bantul;Air Terjun;Air Terjun;Rp 6.000;6000;6000;110.3148938;-7.861836764;4.4;Goa Selarong merupakan wisata goa dengan karakter karst, lorong alami, dan pengalaman petualangan yang menarik.;assets/img/goa-selarong.jpeg;matched;https://www.google.com/maps?q=-7.861836764,110.3148938
kedung-pengilon;Kedung Pengilon;Bantul;Air Terjun;Air Terjun;Rp 5.000;5000;5000;110.2889173;-7.855714375;4.1;Kedung Pengilon menyajikan aliran air alami, tebing, dan suasana sejuk yang cocok untuk rekreasi alam.;assets/img/kedung-pengilon.jpeg;matched;https://www.google.com/maps?q=-7.855714375,110.2889173
penawangan-srunggo-cascade;Penawangan Srunggo Cascade;Bantul;Air Terjun;Air Terjun;Rp 5.000;5000;5000;110.3804153;-7.976906814;4.7;Penawangan Srunggo Cascade menyajikan aliran air alami, tebing, dan suasana sejuk yang cocok untuk rekreasi alam.;assets/img/penawangan-srunggo-cascade.jpeg;matched;https://www.google.com/maps?q=-7.976906814,110.3804153
randusari-falls;Randusari Falls;Bantul;Air Terjun;Air Terjun;Rp 5.000;5000;5000;110.4885839;-7.918888849;4.3;Randusari Falls menyajikan aliran air alami, tebing, dan suasana sejuk yang cocok untuk rekreasi alam.;assets/img/randusari-falls.jpeg;matched;https://www.google.com/maps?q=-7.918888849,110.4885839
sendang-ngembel;Sendang Ngembel;Bantul;Air Terjun;Air Terjun;Rp 5.000;5000;5000;110.2923675;-7.885820498;3.9;Sendang Ngembel menyajikan aliran air alami, tebing, dan suasana sejuk yang cocok untuk rekreasi alam.;assets/img/Sendang-Ngembel.jpg;matched;https://www.google.com/maps?q=-7.885820498,110.2923675
becici-peak;Becici Peak;Bantul;Bukit;Bukit;Rp 5.000;5000;5000;110.4373437;-7.901778823;4.6;Becici Peak menawarkan panorama perbukitan, udara sejuk, dan spot foto alam dari ketinggian.;assets/img/becici-peak.jpg;matched;https://www.google.com/maps?q=-7.901778823,110.4373437
bukit-lintang-sewu;Bukit Lintang Sewu;Bantul;Bukit;Bukit;Rp 5.000;5000;5000;110.4366597;-7.915544661;4.5;Bukit Lintang Sewu menawarkan panorama perbukitan, udara sejuk, dan spot foto alam dari ketinggian.;assets/img/bukit-lintang-sewu.webp;matched;https://www.google.com/maps?q=-7.915544661,110.4366597
hutan-pinus-asri;Hutan Pinus Asri;Bantul;Bukit;Bukit;Rp 2.500;2500;2500;110.435549;-7.920623359;4.5;Hutan Pinus Asri menawarkan suasana hutan pinus yang sejuk, spot foto, dan panorama alam yang cocok untuk rekreasi santai.;assets/img/hutan-pinus-asri.jpeg;matched;https://www.google.com/maps?q=-7.920623359,110.435549
hutan-pinus-pengger;Hutan Pinus Pengger;Bantul;Bukit;Bukit;Rp 2.500;2500;2500;110.4595106;-7.871019614;4.5;Hutan Pinus Pengger menawarkan suasana hutan pinus yang sejuk, spot foto, dan panorama alam yang cocok untuk rekreasi santai.;assets/img/hutan-pinus-pengger.jpeg;matched;https://www.google.com/maps?q=-7.871019614,110.4595106
kebun-buah-mangunan;Kebun Buah Mangunan;Bantul;Bukit;Bukit;Rp 7.000;7000;7000;110.4246479;-7.940669507;4.7;Kebun Buah Mangunan menawarkan panorama perbukitan, udara sejuk, dan spot foto alam dari ketinggian.;assets/img/kebun-buah-mangunan.jpeg;matched;https://www.google.com/maps?q=-7.940669507,110.4246479
puncak-sosok;Puncak Sosok;Bantul;Bukit;Bukit;Rp 3.000;3000;3000;110.4268969;-7.872536635;4.7;Puncak Sosok menawarkan panorama perbukitan, udara sejuk, dan spot foto alam dari ketinggian.;assets/img/puncak-sosok.jpg;matched;https://www.google.com/maps?q=-7.872536635,110.4268969
seribu-batu-songgo-langit;Seribu Batu Songgo Langit;Bantul;Bukit;Bukit;Rp 5.000;5000;5000;110.4308552;-7.930841563;4.6;Seribu Batu Songgo Langit menawarkan panorama perbukitan, udara sejuk, dan spot foto alam dari ketinggian.;assets/img/seribu-batu-songgo-langit.png;matched;https://www.google.com/maps?q=-7.930841563,110.4308552
goa-sunan-mas;Goa Sunan Mas;Bantul;Goa;Goa;Belum tersedia;;;110.3256254;-7.989240095;4.5;Destinasi wisata alam tersembunyi yang menawarkan perpaduan antara petualangan susur gua (caving) yang menantang dengan keindahan stalaktit dan stalagmit yang memukau. Gua ini sangat ikonik karena merupakan bagian dari sistem gua eksotis di kawasan karst Parangtritis yang memiliki nilai sejarah dan spiritual tinggi, di mana dinamai berdasarkan kisah pelarian dan petilasan Sunan Amangkurat III (Sunan Mas) dari Kasunanan Kartasura. Wisatawan yang datang ke sini akan disuguhkan petualangan menyusuri lorong bawah tanah yang eksotis, melihat batuan kristal alami yang berkilauan saat terkena cahaya senter, serta merasakan atmosfer ketenangan yang sunyi di dalam perut bumi.;;missing;https://www.google.com/maps?q=-7.989240095,110.3256254
gua-cerme;Gua Cerme;Bantul;Goa;Goa;Rp 10.000;10000;10000;110.379916;-7.979032576;4.5;Gua Cerme merupakan wisata goa dengan karakter karst, lorong alami, dan pengalaman petualangan yang menarik.;assets/img/goa-cerme.jpeg;matched;https://www.google.com/maps?q=-7.979032576,110.379916
batu-kapal-park;Batu Kapal Park;Bantul;Sungai;Lainnya;Rp 5.000;5000;5000;110.4536387;-7.820704619;4.5;Batu Kapal Park menawarkan suasana wisata air dengan aliran alami, pepohonan, dan ruang rekreasi yang cocok untuk bersantai.;assets/img/batu-kapal-park.jpeg;matched;https://www.google.com/maps?q=-7.820704619,110.4536387
hilir-sungai-opak;Hilir Sungai Opak;Bantul;Lainnya;Lainnya;Belum tersedia;;;110.273607;-8.007929188;5.0;Destinasi wisata alam yang menawarkan perpaduan lanskap memukau antara ujung aliran sungai besar di Yogyakarta dengan hamparan Samudra Hindia yang luas. Kawasan hilir Sungai Opak ini sangat ikonik karena menjadi titik temu ekologis yang menciptakan fenomena muara sungai (estuari) yang lebar dengan hamparan gumuk pasir dan pemandangan megah Jembatan Kretek II yang berdiri kokoh melintang di atasnya. Tempat ini menjadi spot favorit para pemburu senja karena menyuguhkan salah satu panorama matahari terbenam (sunset) terbaik, di mana pantulan cahaya keemasan langit sore akan merekah sempurna di atas permukaan air sungai yang tenang, menciptakan suasana yang sangat syahdu dan romantis.;;missing;https://www.google.com/maps?q=-8.007929188,110.273607
lembah-oyo-kedung-jati;Lembah Oyo, Kedung Jati;Bantul;Sungai;Lainnya;Rp 5.000;5000;5000;110.4320143;-7.944071896;4.6;Lembah Oyo, Kedung Jati menawarkan suasana wisata air dengan aliran alami, pepohonan, dan ruang rekreasi yang cocok untuk bersantai.;assets/img/Lembah-Oya-Kedungjati.webp;matched;https://www.google.com/maps?q=-7.944071896,110.4320143
putrobayan-river-camp;Putrobayan River Camp;Bantul;Sungai;Lainnya;Rp 10.000;10000;10000;110.3606603;-7.956428912;4.7;Putrobayan River Camp menawarkan suasana wisata air dengan aliran alami, pepohonan, dan ruang rekreasi yang cocok untuk bersantai.;assets/img/putrobayan-river-camp.jpg;matched;https://www.google.com/maps?q=-7.956428912,110.3606603
goa-cemara-beach;Goa Cemara Beach;Bantul;Pantai;Pantai;Rp 10.000;10000;10000;110.2502874;-7.996454836;4.4;Goa Cemara Beach menawarkan panorama pesisir dengan pasir, karang, dan suasana alam khas pantai selatan Yogyakarta.;assets/img/goa-cemara-beach.webp;matched;https://www.google.com/maps?q=-7.996454836,110.2502874
kano-maritim-baros;Kano Maritim Baros;Bantul;Pantai;Pantai;Rp 25.000 – Rp 50.000;25000;50000;110.2844924;-8.002177835;4.8;;;missing;https://www.google.com/maps?q=-8.002177835,110.2844924
laguna-baros;Laguna Baros;Bantul;Pantai;Pantai;Rp 5.000;5000;5000;110.2832524;-8.007776691;4.4;Laguna Baros menawarkan panorama pesisir dengan pasir, karang, dan suasana alam khas pantai selatan Yogyakarta.;assets/img/laguna-baros.jpeg;matched;https://www.google.com/maps?q=-8.007776691,110.2832524
pantai-baros;Pantai Baros;Bantul;Pantai;Pantai;Belum tersedia;;;110.2831053;-8.007811291;4.4;Destinasi wisata alam pesisir yang menawarkan perpaduan luar biasa antara pesona laut selatan dengan kawasan sabuk hijau yang rimbun dan edukatif. Pantai ini sangat ikonik karena kawasannya terintegrasi langsung dengan Hutan Mangrove Baros yang tumbuh subur di muara Sungai Opak, menjadikannya satu-satunya ekosistem hutan bakau yang ada di pesisir Kabupaten Bantul. Wisatawan dapat menyusuri jembatan kayu yang estetik di sela-sela rimbunnya pohon mangrove, mengamati berbagai jenis burung rawa yang hidup bebas, hingga menikmati hamparan rumput sabana hijau yang luas. Suasananya yang sejuk, asri, dan tenang menjadikannya tempat favorit untuk piknik, berburu foto bertema alam (nature photography), berkemah (camping), serta menikmati matahari terbenam yang syahdu di balik rimbunnya tanaman bakau.;;missing;https://www.google.com/maps?q=-8.007811291,110.2831053
pantai-baru;Pantai Baru;Bantul;Pantai;Pantai;Rp 10.000 – Rp 15.000;10000;15000;110.2210096;;4.4;Destinasi wisata pantai yang menawarkan perpaduan antara pesona ombak laut selatan yang megah dengan hamparan hutan cemara udang yang rimbun dan teduh di sepanjang bibir pantai. Tempat ini sangat ikonik karena lokasinya yang bersebelahan dengan deretan kincir angin pembangkit listrik dan memiliki suasana yang relatif lebih tenang, menjadikannya lokasi favorit untuk menggelar tikar piknik keluarga di bawah rindangnya pepohonan. Selain menyuguhkan panorama matahari terbenam (sunset) yang romantis, pantai ini juga terkenal dengan wisata kuliner lautnya yang segar di warung-warung makan lokal serta keberadaan patung harimau loreng ikonik yang menyambut wisatawan di area pintu masuk.;;missing;
pantai-cangkring;Pantai Cangkring;Bantul;Pantai;Pantai;Rp 5.000 – Rp 10.000;5000;10000;110.2391888;-7.994550061;4.6;"Destinasi wisata pesisir yang menawarkan pesona ""pantai tersembunyi"" (hidden gem) yang masih sangat alami, asri, dan jauh dari hiruk-pikuk keramaian. Pantai ini sangat ikonik karena akses jalannya yang membelah area perkebunan warga lokal serta sabana hijau, yang kemudian disambut oleh lorong hijau nan teduh dari rindangnya pohon cemara udang. Karena belum banyak tersentuh komersialisasi besar, pantai ini menyuguhkan hamparan pasir luas yang bersih dan suasana yang sangat tenang dan privat, menjadikannya lokasi favorit untuk berkemah (camping), berburu foto estetik yang minimalis, atau sekadar menikmati angin laut dan momen matahari terbenam yang syahdu dalam ketenangan.";;missing;https://www.google.com/maps?q=-7.994550061,110.2391888
pantai-dewaruci-bantul;Pantai Dewaruci Bantul;Bantul;Pantai;Pantai;Rp 10.000 – Rp 15.000;10000;15000;110.2584118;-8.002450008;4.3;Destinasi wisata pesisir yang menawarkan perpaduan luar biasa antara panorama laut selatan yang megah dengan keunikan infrastruktur navigasi laut. Pantai ini sangat ikonik dan berbeda dari pantai lainnya di Yogyakarta karena keberadaan sebuah Mercusuar (Menara Suar) Kalajengking setinggi sekitar 40 meter yang berdiri kokoh di tepi pantai. Wisatawan dapat menaiki ratusan anak tangga mercusuar ini hingga ke puncak untuk menikmati pemandangan spektakuler garis pantai Bantul, hamparan hijau hutan cemara udang, serta laut lepas dari ketinggian. Selain mercusuar, pantai ini juga memiliki kawasan agrowisata buah naga yang subur dan suasana teduh di bawah rimbunnya pepohonan, menjadikannya tempat favorit untuk berburu foto estetis dan menikmati matahari terbenam.;;missing;https://www.google.com/maps?q=-8.002450008,110.2584118
pantai-kuwaru;Pantai Kuwaru;Bantul;Pantai;Pantai;Rp 5.000 – Rp 10.000;5000;10000;110.2264097;-7.990070357;4.1;"Destinasi wisata pantai (yang sering dikenal oleh wisatawan dengan nama Pantai Kuwaru) yang menawarkan daya tarik utama berupa ""payung hidup""—sebutan untuk kanopi alami dari barisan pohon cemara udang yang tumbuh sangat rapat dan rimbun di sepanjang pesisir. Keunikan ini menciptakan suasana yang sangat teduh, sejuk, dan asri, bahkan di siang hari yang terik. Pantai ini menjadi lokasi yang sangat ideal untuk rekreasi keluarga karena memiliki area bermain anak yang dilengkapi kolam renang mini, jalur offroad teduh yang seru untuk dijelajahi menggunakan ATV sewaan, serta deretan warung kuliner laut yang menyajikan olahan ikan segar langsung di bawah rindangnya pepohonan sembari menunggu momen matahari terbenam.";;missing;https://www.google.com/maps?q=-7.990070357,110.2264097
pantai-pandansari;Pantai Pandansari;Bantul;Pantai;Pantai;Rp 15.000;15000;15000;110.2537653;-7.999754601;4.3;Destinasi wisata pesisir yang menawarkan perpaduan luar biasa antara panorama laut selatan yang megah dengan keunikan infrastruktur navigasi laut. Pantai ini sangat ikonik dan berbeda dari pantai lainnya di Yogyakarta karena keberadaan sebuah Mercusuar (Menara Suar) Kalajengking setinggi sekitar 40 meter yang berdiri kokoh di tepi pantai. Wisatawan dapat menaiki ratusan anak tangga mercusuar ini hingga ke puncak untuk menikmati pemandangan spektakuler garis pantai Bantul, hamparan hijau hutan cemara udang, serta laut lepas dari ketinggian. Selain mercusuar, pantai ini juga memiliki kawasan agrowisata buah naga yang subur dan suasana teduh di bawah rimbunnya pepohonan, menjadikannya tempat favorit untuk berburu foto estetis dan menikmati matahari terbenam.;;missing;https://www.google.com/maps?q=-7.999754601,110.2537653
pantai-pandansimo;Pantai Pandansimo;Bantul;Pantai;Pantai;Rp 10.000 – Rp 15.000;10000;15000;110.2177817;-7.987857254;4.3;Destinasi wisata pantai yang menawarkan perpaduan unik antara pesona pesisir selatan yang eksotis dengan deretan pohon cemara udang yang rimbun dan asri. Pantai ini sangat ikonik karena kawasannya terintegrasi dengan kincir angin pembangkit listrik (PLTB) serta perkampungan nelayan yang khas, memberikan suasana berbeda dari pantai-pantai lainnya di Yogyakarta. Tempat ini menjadi spot favorit untuk menikmati momen matahari terbenam (sunset) yang syahdu, berburu kuliner laut segar langsung dari pasar ikan, atau sekadar bersantai di bawah teduhnya pepohonan.;;missing;https://www.google.com/maps?q=-7.987857254,110.2177817
pantai-patihan;Pantai Patihan;Bantul;Pantai;Pantai;Rp 5.000 – Rp 10.000;5000;10000;110.2449971;-7.997586759;4.4;Destinasi wisata pesisir yang menawarkan pesona perpaduan antara wisata alam yang asri dengan konsep agrowisata yang produktif. Pantai ini sangat ikonik karena tidak hanya menyuguhkan hamparan pasir pantai yang luas dan rimbunnya hutan cemara udang sebagai tempat berteduh, tetapi juga terkenal dengan kawasan perkebunan buah naga dan lahan pertanian pesisir milik warga lokal di sekitarnya. Suasananya yang relatif tenang, bersih, dan belum terlalu padat oleh wisatawan menjadikannya lokasi yang sangat nyaman untuk piknik keluarga, menikmati angin laut yang sejuk, serta berburu pemandangan matahari terbenam (sunset) yang indah langsung dari bibir pantai.;;missing;https://www.google.com/maps?q=-7.997586759,110.2449971
pantai-pelangi;Pantai Pelangi;Bantul;Pantai;Pantai;Rp 5.000 – Rp 10.000;5000;10000;110.308241;-8.017123241;4.4;Pantai pemekaran dari kawasan Parangtritis di Desa Parangtritis, Kecamatan Kretek, Bantul. Berpasir hitam dengan ombak besar khas laut selatan. Memiliki daya tarik unik berupa konservasi penyu lekang, wisatawan bisa ikut kegiatan pelepasan tukik ke laut;;missing;https://www.google.com/maps?q=-8.017123241,110.308241
pantai-samas;Pantai Samas;Bantul;Pantai;Pantai;Belum tersedia;;;110.2652461;-8.005209741;4.3;Destinasi wisata pesisir yang menawarkan perpaduan luar biasa antara panorama laut selatan yang megah dengan keunikan infrastruktur navigasi laut. Pantai ini sangat ikonik dan berbeda dari pantai lainnya di Yogyakarta karena keberadaan sebuah Mercusuar (Menara Suar) Kalajengking setinggi sekitar 40 meter yang berdiri kokoh di tepi pantai. Wisatawan dapat menaiki ratusan anak tangga mercusuar ini hingga ke puncak untuk menikmati pemandangan spektakuler garis pantai Bantul, hamparan hijau hutan cemara udang, serta laut lepas dari ketinggian. Selain mercusuar, pantai ini juga memiliki kawasan agrowisata buah naga yang subur dan suasana teduh di bawah rimbunnya pepohonan, menjadikannya tempat favorit untuk berburu foto estetis dan menikmati matahari terbenam.;;missing;https://www.google.com/maps?q=-8.005209741,110.2652461
pantai-tanggul-tirto;Pantai Tanggul Tirto;Bantul;Pantai;Pantai;Rp 5.000 – Rp 10.000;5000;10000;110.2298083;-7.991153906;4.7;Destinasi wisata pesisir tersembunyi yang menawarkan perpaduan unik antara muara sungai (laguna) yang tenang dengan pemandangan terbuka ke arah Samudra Hindia. Pantai ini sangat ikonik karena keberadaan tanggul beton pemecah ombak (breakwater) yang kokoh menjorok ke laut, yang berfungsi menahan hantaman ombak besar khas laut selatan sekaligus menciptakan lanskap yang sangat estetik untuk berfoto. Suasananya yang relatif lebih tenang dan belum sepadat pantai-pantai utama di Bantul menjadikannya tempat favorit bagi para pencinta ketenangan untuk menikmati angin laut, memancing di area muara, atau berburu momen matahari terbenam (sunset) yang dramatis di balik struktur tanggul.;;missing;https://www.google.com/maps?q=-7.991153906,110.2298083
parangkusumo;Parangkusumo;Bantul;Pantai;Pantai;Rp 10.000;10000;10000;110.3080459;-8.018234034;4.5;Destinasi wisata pesisir keramat yang menawarkan perpaduan mendalam antara pesona alam laut selatan dengan pusat spiritualitas dan sejarah Kesultanan Yogyakarta. Pantai ini sangat ikonik dan disakralkan karena keberadaan Situs Cepuri, sebuah area berpagar batu yang menyimpan dua batu gembolan tempat pertemuan sakral antara Danang Sutawijaya (Panembahan Senopati, pendiri Kerajaan Mataram Islam) dengan Penguasa Laut Selatan, Kanjeng Ratu Kidul. Selain menjadi pusat ritual adat yang kental seperti upacara Labuhan, pantai dengan hamparan pasir hitam yang luas ini juga menyuguhkan atmosfer magis yang syahdu, menjadikannya lokasi favorit untuk merenung, berziarah, sekaligus menikmati hembusan angin laut dan panorama matahari terbenam (sunset) yang dramatis.;;missing;https://www.google.com/maps?q=-8.018234034,110.3080459
parangtritis;Parangtritis;Bantul;Pantai;Pantai;Rp 15.000;15000;15000;110.3282397;-8.023184611;4.6;Tempat ini menjadi spot favorit bagi para pencinta petualangan, pasangan, maupun fotografer yang ingin berburu foto-foto estetik nan anti-mainstream langsung dari atas air, terutama saat siluet pepohonan mangrove berpadu dengan langit sore.;;missing;https://www.google.com/maps?q=-8.023184611,110.3282397
pesona-pengklik-pantai-samas;Pesona Pengklik-Pantai Samas;Bantul;Pantai;Pantai;Rp 7.000 – Rp 10.000;7000;10000;110.2707618;-8.003448421;4.1;Destinasi wisata alam yang menawarkan perpaduan eksotis antara ketenangan muara sungai (laguna) yang luas dengan panorama pesisir selatan yang memukau. Kawasan yang dikenal sebagai Pesona Pengklik ini merupakan bagian dari pengembangan wisata Pantai Samas yang sangat ikonik karena dilengkapi dengan fasilitas jembatan kayu dan dermaga pandang yang menjorok ke air, memungkinkan wisatawan berjalan di atas laguna sembari menikmati pemandangan perahu-perahu nelayan yang bersandar. Tempat ini menjadi spot favorit untuk berburu foto berlatar belakang hamparan air yang tenang, menikmati kuliner apung, serta menyaksikan panorama matahari terbenam (sunset) yang romantis dan teduh tanpa harus terganggu oleh deburan ombak besar laut selatan.;;missing;https://www.google.com/maps?q=-8.003448421,110.2707618
air-terjun-kedung-kandang;Air Terjun Kedung Kandang;Gunung Kidul;Air Terjun;Air Terjun;Rp 10.000;10000;10000;110.5354268;-7.851139901;4.0;Alam berupa air terjun musiman dengan undakan tebing vulkanik yang terletak di Desa Nglanggeran, Patuk, Gunungkidul, Yogyakarta.;assets/img/Air-Terjun_Kedung_Kandang.png;matched;https://www.google.com/maps?q=-7.851139901,110.5354268
air-terjun-luweng-sampang;Air Terjun Luweng Sampang;Gunung Kidul;Air Terjun;Air Terjun;Rp 2.000;2000;2000;110.5727099;-7.808784354;4.0;Air Terjun Luweng Sampang merupakan air terjun yang berada di daerah berkapur Kabupaten Gunung Kidul. Mempunyai keunikan berupa tebing yang terkikis karena proses perubahan alam. Warna air pada kolam air terjun ini bisa berubah warna.;;missing;https://www.google.com/maps?q=-7.808784354,110.5727099
air-terjun-sri-gethuk;Air Terjun Sri Gethuk;Gunung Kidul;Air Terjun;Air Terjun;Rp 15.000;15000;15000;110.4891971;-7.942921198;4.4;Air terjun alami yang indah di tengah hutan dan tebing kapur ini merupakan tempat populer untuk berenang.;assets/img/Air-Terjun-Sri-Gethuk.png;matched;https://www.google.com/maps?q=-7.942921198,110.4891971
wisata-alam-curug-gedhe;Wisata Alam Curug Gedhe;Gunung Kidul;Air Terjun;Air Terjun;Rp 10.000;10000;10000;110.5365097;-7.824134463;4.1;Wisata Alam Curug Gedhe adalah destinasi air terjun tersembunyi setinggi 25-30 meter dengan kolam alami sedalam 2-3 meter.;;missing;https://www.google.com/maps?q=-7.824134463,110.5365097
bukit-bintang;Bukit Bintang;Gunung Kidul;Bukit;Bukit;Rp 5.000;5000;5000;110.4797641;-7.845696147;4.5;Bukit yang terkenal dengan pemandangan indah, terutama saat langit malam dipenuhi bintang.;assets/img/Bukit-Bintang.png;matched;https://www.google.com/maps?q=-7.845696147,110.4797641
bukit-kosakora;Bukit Kosakora;Gunung Kidul;Bukit;Bukit;Rp 5.000;5000;5000;110.5841216;-8.140903378;4.6;Tanjung pesisir dan tempat matahari terbenam populer yang menawarkan kemah pedesaan, jalan setapak dan panorama.;assets/img/Bukit_Kosakora.png;matched;https://www.google.com/maps?q=-8.140903378,110.5841216
bukit-paralayang-watugupit;Bukit Paralayang Watugupit;Gunung Kidul;Bukit;Bukit;Rp 10.000;10000;10000;110.345998;-8.026600123;4.7;Tempat observasi di puncak bukit yang menghadap Samudera Hindia dan pantai dan titik lepas landas paralayang.;assets/img/Bukit-Paralayang-Watugupit.png;matched;https://www.google.com/maps?q=-8.026600123,110.345998
bukit-teletubbies;Bukit Teletubbies;Gunung Kidul;Bukit;Bukit;Rp 5.000;5000;5000;110.5557599;-8.041448829;4.2;Tempat ini menawarkan pemandangan ladang jagung menawan yang menyerupai latar tempat tinggal tokoh kartun Teletubbies, menjadikannya spot foto instagramable yang populer.;assets/img/Bukit_Teletubbies.png;matched;https://www.google.com/maps?q=-8.041448829,110.5557599
gunung-api-purba-nglanggeran;Gunung Api Purba Nglanggeran;Gunung Kidul;Bukit;Bukit;Rp 15.000;15000;15000;110.5378347;-7.842233463;4.6;Gunung ini merupakan sebuah gunung api purba yang terbentuk sekitar 60-70 juta tahun yang lalu atau yang memiliki umur tersier (Oligo-Miosen).;assets/img/Gunung-Api-Purba_Nglanggeran.jpeg;matched;https://www.google.com/maps?q=-7.842233463,110.5378347
gunung-gambar;Gunung Gambar;Gunung Kidul;Gunung;Bukit;Rp 3.000;3000;3000;110.6715317;-7.820974061;4.5;Gunung Gambar berjarak sekitar 50 km dari pusat Kota Yogyakarta. Berada di ketinggian 650 mdpl, tempat ini sebenarnya lebih berupa bukit berbatu yang menawarkan pesona alam serta dikenal sebagai petilasan bersejarah;;missing;https://www.google.com/maps?q=-7.820974061,110.6715317
gunung-gentong;Gunung Gentong;Gunung Kidul;Bukit;Bukit;Gratis;0;0;110.5770496;-7.848820626;4.3;"Bukit wisata alam di Desa Ngalang, Gedangsari, Gunungkidul, Yogyakarta, yang terkenal dengan pemandangan ""negeri di atas awan"", hamparan perbukitan hijau.";assets/img/Gunung-Gentong.png;matched;https://www.google.com/maps?q=-7.848820626,110.5770496
gunung-ireng;Gunung Ireng;Gunung Kidul;Gunung;Bukit;Rp 5.000;5000;5000;110.4891135;-7.88163975;4.6;Gunung dengan puncak yang diakses melalui jalan darat & jalan setapak pendek, terkenal dengan matahari terbit.;;missing;https://www.google.com/maps?q=-7.88163975,110.4891135
puncak-tugu-batara-sriten;Puncak Tugu Batara Sriten;Gunung Kidul;Bukit;Bukit;Rp 5.000;5000;5000;110.6339868;-7.830731101;4.6;Lokasi ini terkenal dengan embung buatan (telaga) tertinggi di DIY, pemandangan matahari terbit/terbenam, serta menjadi landasan olahraga paralayang.;assets/img/Puncak-Tugu-Batara-Sriten.png;matched;https://www.google.com/maps?q=-7.830731101,110.6339868
goa-gelatik-lorong-sewu;Goa Gelatik Lorong Sewu;Gunung Kidul;Goa;Goa;Rp 30.000;30000;30000;110.6482147;-7.926701613;4.5;Goa ini terkenal dengan lorongnya yang ekstrem, gelap, memiliki banyak percabangan (lorong sewu), serta keindahan stalaktit dan stalakmit yang masih alami.;assets/img/Goa-Gelatik-Lorong-Sewu.png;matched;https://www.google.com/maps?q=-7.926701613,110.6482147
goa-jomblang;Goa Jomblang;Gunung Kidul;Goa;Goa;Rp 500.000;500000;500000;110.6382523;-8.028507389;4.6;Gua pembuangan vertikal berbatu yang bisa dieksplorasi menggunakan peralatan caving yang disediakan di lokasi.;assets/img/Goa-Jomblang.png;matched;https://www.google.com/maps?q=-8.028507389,110.6382523
goa-ngingrong;Goa Ngingrong;Gunung Kidul;Goa;Goa;Rp 5.000;5000;5000;110.590491;-8.027803903;4.5;Karst berbentuk lembah sinkhole (luweng) yang menawarkan petualangan susur gua, rappelling setinggi 80 meter, flying fox, dan ATV.;assets/img/Goa-Ngingrong.jpg;matched;https://www.google.com/maps?q=-8.027803903,110.590491
goa-pindul;Goa Pindul;Gunung Kidul;Goa;Goa;Rp 10.000;10000;10000;110.6496325;-7.930175191;4.5;Goa Pindul adalah gua yang eksotik dengan aliran sungai bawah tanah di Gunungkidul.;assets/img/Goa-Pindul.png;matched;https://www.google.com/maps?q=-7.930175191,110.6496325
goa-tanding;Goa Tanding;Gunung Kidul;Goa;Goa;Rp 150.000;150000;150000;110.6494371;-7.932483552;4.6;Gua yang terkenal dengan formasi bebatuan yang memukau, dengan wahana arung jeram di sungai bawah tanah.;assets/img/Goa-Tanding.png;matched;https://www.google.com/maps?q=-7.932483552,110.6494371
kalisuci-cave-tubing;Kalisuci Cave Tubing;Gunung Kidul;Goa;Goa;Rp 120.000;120000;120000;110.6393525;-8.00898228;4.6;Petualangan menyusuri sungai bawah tanah di dalam gua menggunakan ban pelampung.;assets/img/Kalisuci-Cave-Tubing.png;matched;https://www.google.com/maps?q=-8.00898228,110.6393525
geoforest-watu-payung-turunan;Geoforest Watu Payung Turunan;Gunung Kidul;Lainnya;Lainnya;Rp 5.000;5000;5000;110.4363999;-7.974046873;4.5;Anjungan observasi, dengan bangku berukir, menghadap lanskap perbukitan yang sering berkabut.;;missing;https://www.google.com/maps?q=-7.974046873,110.4363999
kawasan-glamping-kedung-kandang;Kawasan Glamping Kedung Kandang;Gunung Kidul;Lainnya;Lainnya;Rp 35.000;35000;35000;110.5354751;-7.851224935;4.0;Glamping Kedung Kandang adalah destinasi berkemah mewah yang terletak di kawasan Desa Wisata Nglanggeran, Kabupaten Gunungkidul, Yogyakarta.;;missing;https://www.google.com/maps?q=-7.851224935,110.5354751
pantai-baron-indah;Pantai Baron Indah;Gunung Kidul;Pantai;Pantai;Rp 15.000;15000;15000;110.5479953;-8.1284319;4.2;Pantai ikonik dengan teluk, aktivitas nelayan, kuliner seafood, dan pertemuan aliran sungai menuju laut.;assets/img/pantai-baron-indah.png;matched;https://www.google.com/maps?q=-8.1284319,110.5479953
pantai-drini;Pantai Drini;Gunung Kidul;Pantai;Pantai;Rp 15.000;15000;15000;110.5774122;-8.1380747;4.5;Pantai berpasir putih dengan pulau karang kecil, cocok untuk bermain air, berfoto, dan menikmati suasana pesisir Gunung Kidul.;assets/img/pantai-drini.jpg;matched;https://www.google.com/maps?q=-8.1380747,110.5774122
pantai-gesing;Pantai Gesing;Gunung Kidul;Pantai;Pantai;Rp 15.000;15000;15000;110.4633233;-8.1085778;4.4;Pantai pasir putih di tepi tebing curam dengan air hijau cerah untuk berenang dan menyantap lobster dan sembilang.;assets/img/pantai-gesing.png;matched;https://www.google.com/maps?q=-8.1085778,110.4633233
pantai-indrayanti;Pantai Indrayanti;Gunung Kidul;Pantai;Pantai;Rp 10.000;10000;10000;110.6120691;-8.150285;4.5;Pantai populer dengan pasir putih, tebing karang, dan fasilitas wisata yang lengkap untuk rekreasi keluarga.;assets/img/pantai-indrayanti.png;matched;https://www.google.com/maps?q=-8.150285,110.6120691
pantai-jungwok;Pantai Jungwok;Gunung Kidul;Pantai;Pantai;Rp 8.000;8000;8000;110.7098414;-8.1980306;4.7;Pesisir berangin kencang ini populer untuk olahraga air dan memancing lobster, plus naik perahu ke pulau karang.;assets/img/pantai-jungwok.png;matched;https://www.google.com/maps?q=-8.1980306,110.7098414
pantai-ngandong;Pantai Ngandong;Gunung Kidul;Pantai;Pantai;Rp 15.000;15000;15000;110.6060896;-8.1461879;4.6;Pantai berpasir di teluk kecil populer untuk memancing, serta menghadap ke singkapan berbatu dan kafe simpel.;assets/img/pantai-ngandong.jpg;matched;https://www.google.com/maps?q=-8.1461879,110.6060896
pantai-ngetun;Pantai Ngetun;Gunung Kidul;Pantai;Pantai;Rp 5.000;5000;5000;110.6518852;-8.1705406;4.6;Pantai kecil tersembunyi di antara bukit karst dengan pasir putih dan suasana yang tenang.;assets/img/pantai-ngetun.png;matched;https://www.google.com/maps?q=-8.1705406,110.6518852
pantai-ngobaran;Pantai Ngobaran;Gunung Kidul;Pantai;Pantai;Rp 8.000;8000;8000;110.5028313;-8.1183837;4.6;Pantai kecil di teluk bertebing rimbun, cocok untuk berenang, berjemur, dan menikmati kuliner sekitar.;assets/img/pantai-ngobaran.png;matched;https://www.google.com/maps?q=-8.1183837,110.5028313
pantai-ngrenehan;Pantai Ngrenehan;Gunung Kidul;Pantai;Pantai;Rp 8.000;8000;8000;110.5119281;-8.1214525;4.5;Pantai berpasir di teluk yang dihiasi perahu nelayan lokal dan dinaungi oleh tanjung batu kapur berwarna hijau.;assets/img/pantai-ngrenehan.jpg;matched;https://www.google.com/maps?q=-8.1214525,110.5119281
pantai-nguyahan;Pantai Nguyahan;Gunung Kidul;Pantai;Pantai;Rp 8.000;8000;8000;110.5016847;-8.1185294;4.6;Pantai berpasir putih dekat kawasan Ngobaran, cocok untuk bermain air dan menikmati panorama pesisir.;assets/img/pantai-nguyahan.png;matched;https://www.google.com/maps?q=-8.1185294,110.5016847
pantai-pok-tunggal;Pantai Pok Tunggal;Gunung Kidul;Pantai;Pantai;Rp 10.000;10000;10000;110.6213209;-8.1556189;4.5;Pantai pasir putih yang dikelilingi tebing dan pepohonan, dengan pohon ikonis yang populer untuk tempat foto.;assets/img/pantai-pok-tunggal.jpg;matched;https://www.google.com/maps?q=-8.1556189,110.6213209
pantai-sadranan;Pantai Sadranan;Gunung Kidul;Pantai;Pantai;Rp 20.000;20000;20000;110.6018165;-8.145668;4.7;Pantai dengan perairan relatif tenang yang dikenal untuk snorkeling, bermain air, dan menikmati panorama karang.;assets/img/pantai-sadranan.png;matched;https://www.google.com/maps?q=-8.145668,110.6018165
pantai-sedahan;Pantai Sedahan;Gunung Kidul;Pantai;Pantai;Gratis;0;0;110.7105537;-8.197894;4.6;Pantai alami yang relatif sepi dengan pasir dan tebing karang, cocok untuk camping serta menikmati suasana tenang.;assets/img/pantai-sedahan.png;matched;https://www.google.com/maps?q=-8.197894,110.7105537
pantai-slili;Pantai Slili;Gunung Kidul;Pantai;Pantai;Rp 10.000;10000;10000;110.7178486;-8.2060028;4.5;Pantai berbatu dan berpasir kecil di teluk, dengan pondok, hidangan seafood dan penginapan di sekitar.;assets/img/pantai-slili.png;matched;https://www.google.com/maps?q=-8.2060028,110.7178486
pantai-watulawang;Pantai Watulawang;Gunung Kidul;Pantai;Pantai;Rp 15.000;15000;15000;110.6074337;-8.1535834;4.6;Pantai berpasir putih dengan batu karang khas dan suasana lebih tenang, cocok untuk berfoto dan menikmati pesisir.;assets/img/pantai-watulawang.png;matched;https://www.google.com/maps?q=-8.1535834,110.6074337
pantai-wediombo;Pantai Wediombo;Gunung Kidul;Pantai;Pantai;Rp 8.000;8000;8000;110.7031968;-8.1872679;4.5;Pantai berpasir panjang dengan batu karang, air relatif tenang, dan pemandangan perbukitan hijau.;assets/img/pantai-wediombo.png;matched;https://www.google.com/maps?q=-8.1872679,110.7031968
wisata-tanjung-kesirat;Wisata Tanjung Kesirat;Gunung Kidul;Pantai;Pantai;Rp 8.000;8000;8000;110.4247485;-8.0961532;4.7;Hamparan rumput di tebing yang tidak rata dengan panorama matahari terbenam, populer untuk memancing dan kemah.;;missing;https://www.google.com/maps?q=-8.0961532,110.4247485
air-terjun-grojogan-sewu-jatimulyo;Air Terjun Grojogan Sewu Jatimulyo;Kulon Progo;Air Terjun;Air Terjun;Rp 6.000;6000;6000;110.135845;-7.751303291;4.2;Air terjun di kawasan Jatimulyo dengan aliran segar, tebing alami, dan suasana sejuk khas Perbukitan Menoreh.;assets/img/Air-Terjun-Grojogan-Sewu.jpg.jpg;matched;https://www.google.com/maps?q=-7.751303291,110.135845
air-terjun-kembang-soka;Air Terjun Kembang Soka;Kulon Progo;Air Terjun;Air Terjun;Rp 10.000;10000;10000;110.1175991;-7.766207176;4.7;Air terjun yang memiliki banyak kolam bertingkat dengan air yang jernih dan segar, dikelilingi oleh jembatan kayu yang tertata indah sehingga sangat cocok untuk wisata keluarga.;assets/img/Air-Terjun-Kembang-Soka.jpg.jpg;matched;https://www.google.com/maps?q=-7.766207176,110.1175991
air-terjun-sidoharjo;Air Terjun Sidoharjo;Kulon Progo;Air terjun;Air Terjun;Rp 5.000;5000;5000;110.2019759;-7.669633541;4.5;Air terjun tertinggi di Kulon Progo dengan ketinggian sekitar 75 meter yang terletak tersembunyi di tengah hutan, memberikan kesan petualangan yang sangat privat.;assets/img/Air-Terjun-Sidoharjo.jpg.jpg;matched;https://www.google.com/maps?q=-7.669633541,110.2019759
bukit-isis;Bukit Isis;Kulon Progo;Bukit;Bukit;Rp 3.000;3000;3000;110.1436856;-7.644183022;4.5;Spot wisata di kawasan Nglinggo yang menawarkan pemandangan perbukitan Menoreh dan kebun teh dengan suasana sejuk, cocok untuk menikmati sunrise dan berfoto.;assets/img/Bukit-Isis.jpg.jpg;matched;https://www.google.com/maps?q=-7.644183022,110.1436856
gunung-ijo;Gunung Ijo;Kulon Progo;Bukit;Bukit;Rp 3.000;3000;3000;110.0820614;-7.794145067;4.3;Perbukitan di kawasan Menoreh yang menawarkan panorama alam hijau dengan pemandangan luas, cocok untuk menikmati sunrise dan suasana tenang.;assets/img/Gunung-Ijo.jpg.jpg;matched;https://www.google.com/maps?q=-7.794145067,110.0820614
gunung-lanang;Gunung Lanang;Kulon Progo;Bukit;Bukit;Rp 3.000;3000;3000;110.1403377;-7.746521034;4.2;Perbukitan di kawasan Menoreh yang menawarkan jalur trekking ringan dengan pemandangan alam hijau dan suasana yang tenang.;assets/img/Gunung-Lanang.jpg.jpg;matched;https://www.google.com/maps?q=-7.746521034,110.1403377
kalibiru;Kalibiru;Kulon Progo;Bukit;Bukit;Rp 10.000;10000;10000;110.1293242;-7.807081723;4.4;Wisata alam di Perbukitan Menoreh yang terkenal dengan gardu pandang dan spot foto dengan latar pemandangan Waduk Sermo dari ketinggian.;assets/img/Kalibiru.jpg.jpg;matched;https://www.google.com/maps?q=-7.807081723,110.1293242
puncak-suroloyo;Puncak Suroloyo;Kulon Progo;Bukit;Bukit;Rp 5.000;5000;5000;110.1811055;-7.646161173;4.5;Puncak tertinggi di Perbukitan Menoreh yang menawarkan panorama luas hingga Candi Borobudur saat cuaca cerah.;assets/img/Puncak-Suroloyo.jpg.jpg;matched;https://www.google.com/maps?q=-7.646161173,110.1811055
puncak-widosari;Puncak Widosari;Kulon Progo;Bukit;Bukit;Rp 5.000;5000;5000;110.1486945;-7.658099829;4.6;Menampilkan ikon bongkahan batu raksasa yang berdiri tegak di puncak bukit, memberikan panorama 360 derajat ke arah lembah dan perkebunan teh di sekitarnya.;assets/img/Puncak-Widosari.jpg.jpg;matched;https://www.google.com/maps?q=-7.658099829,110.1486945
wisata-alam-puntuk-gondang;Wisata Alam Puntuk Gondang;Kulon Progo;Bukit;Bukit;Rp 5.000;5000;5000;110.1199636;-7.779723711;4.2;Destinasi yang menawarkan panorama alam dari ketinggian dengan udara sejuk serta pemandangan perbukitan dan area persawahan yang indah.;;missing;https://www.google.com/maps?q=-7.779723711,110.1199636
goa-kebon;Goa Kebon;Kulon Progo;Goa;Goa;Rp 5.000;5000;5000;10.18669185;-7.886880872;4.3;Sebuah goa yang terletak pada aliran air terjun yang mengalir tepat di mulut gua, menciptakan tirai air abadi yang menyiram formasi batuan kapur di bawahnya.;assets/img/Goa-Kebon.jpg.jpg;matched;https://www.google.com/maps?q=-7.886880872,10.18669185
goa-kiskendo;Goa Kiskendo;Kulon Progo;Goa;Goa;Rp 5.000;5000;5000;110.1315987;-7.746149622;4.4;Goa alam bersejarah di Perbukitan Menoreh yang memiliki stalaktit-stalagmit serta relief cerita Ramayana di area sekitarnya.;assets/img/Goa-Kiskendo.jpg.jpg;matched;https://www.google.com/maps?q=-7.746149622,110.1315987
goa-sriti;Goa Sriti;Kulon Progo;Goa;Goa;Rp 30.000;30000;30000;110.2032734;-7.702873223;4.3;Goa alami di Perbukitan Menoreh yang masih sepi, memiliki lorong sempit dengan stalaktit-stalagmit, dan cocok untuk wisata petualangan sederhana.;assets/img/Goa-Sriti.jpg.jpg;matched;https://www.google.com/maps?q=-7.702873223,110.2032734
hutan-mangrove-wana-tirta;Hutan Mangrove Wana Tirta;Kulon Progo;Hutan;Hutan;Rp 5.000;5000;5000;110.019772;-7.893218346;4.1;Kawasan wisata mangrove ini menawarkan jalur tracking kayu di tengah hutan bakau dengan suasana sejuk dan pemandangan muara yang cocok untuk wisata edukasi maupun fotografi alam.;;missing;https://www.google.com/maps?q=-7.893218346,110.019772
mangrove-jembatan-api-api;Mangrove Jembatan Api-api;Kulon Progo;Hutan;Hutan;Rp 5.000;5000;5000;110.0259878;-7.893541324;4.3;Kawasan konservasi yang ditata rapi dengan jembatan bambu di atas air, sangat cocok untuk berjalan santai di sore hari sambil belajar mengenai ekosistem pesisir.;assets/img/Mangrove-Jembatan-Api-Api.jpg.jpg;matched;https://www.google.com/maps?q=-7.893541324,110.0259878
wisata-mangrove-pasir-mendit-jangkaran;Wisata Mangrove Pasir Mendit Jangkaran;Kulon Progo;Hutan;Hutan;Rp 5.000;5000;5000;110.018397;-7.892945093;5.0;Destinasi wisata mangrove ini menyajikan pemandangan hutan bakau yang asri dengan jalur tracking dan spot foto menarik di kawasan pesisir Jangkaran.;;missing;https://www.google.com/maps?q=-7.892945093,110.018397
bendungan-ancol;Bendungan Ancol;Kulon Progo;Lainnya;Lainnya;Gratis;0;0;110.2662154;-7.665043059;4.2;Bangunan irigasi bersejarah peninggalan era kolonial yang kini menjadi destinasi wisata populer karena menawarkan panorama aliran sungai yang tenang serta taman terbuka hijau yang sejuk dan sangat cocok untuk bersantai di sore hari.;assets/img/Bendungan-Ancol.jpg.jpg;matched;https://www.google.com/maps?q=-7.665043059,110.2662154
kebun-teh-nglinggo;Kebun Teh Nglinggo;Kulon Progo;Perkebunan;Lainnya;Rp 5.000;5000;5000;110.1434655;-7.644927311;4.5;Kawasan agrowisata di Perbukitan Menoreh yang menyuguhkan hamparan kebun teh hijau luas dengan udara sejuk, cocok untuk berjalan santai dan menikmati panorama alam.;assets/img/Kebun-Teh-Nglinggo.jpg.jpg;matched;https://www.google.com/maps?q=-7.644927311,110.1434655
kedung-pedut;Kedung Pedut;Kulon Progo;Lainnya;Lainnya;Rp 5.000;5000;5000;110.1210922;-7.769774886;4.5;Kolam alami yang memiliki gradasi warna air unik antara biru dan putih, dilengkapi dengan berbagai fasilitas jembatan bambu dan spot lompatan yang seru.;assets/img/Kedung-Pedut.jpg.jpg;matched;https://www.google.com/maps?q=-7.769774886,110.1210922
laguna-barat-pantai-glagah;Laguna Barat Pantai Glagah;Kulon Progo;Lainnya;Lainnya;Rp 5.000;5000;5000;110.0733421;-7.912872578;4.7;Laguna yang menawarkan perairan yang lebih tenang untuk bermain kano, menikmati angin pantai, dan melihat pemandangan laut selatan.;assets/img/Pantai-Glagah.jpeg.jpeg;matched;https://www.google.com/maps?q=-7.912872578,110.0733421
laguna-pantai-trisik;Laguna Pantai Trisik;Kulon Progo;Lainnya;Lainnya;Rp 5.000;5000;5000;110.193897;-7.974554465;4.0;Laguna yang memiliki pemandangan perairan yang tenang dan menjadi habitat berbagai jenis burung sehingga menarik untuk wisata alam dan pengamatan satwa.;assets/img/Pantai-Trisik.jpg.jpg;matched;https://www.google.com/maps?q=-7.974554465,110.193897
sungai-mudal;Sungai Mudal;Kulon Progo;Sungai;Lainnya;Rp 6.000;6000;6000;110.1165681;-7.763684937;4.8;Wisata alam berupa pemandian dan aliran sungai jernih berwarna biru kehijauan di kawasan perbukitan yang cocok untuk bermain air dan bersantai.;assets/img/Sungai-Mudal.jpg.jpg;matched;https://www.google.com/maps?q=-7.763684937,110.1165681
waduk-sermo;Waduk Sermo;Kulon Progo;Waduk;Lainnya;Rp 5.000;5000;5000;110.123992;-7.82141521;4.6;Waduk terbesar di Kulon Progo yang menawarkan pemandangan perairan luas dikelilingi perbukitan Menoreh, cocok untuk rekreasi, memancing, dan menikmati suasana alam.;assets/img/Waduk-Sermo.jpg.jpg;matched;https://www.google.com/maps?q=-7.82141521,110.123992
pantai-congot;Pantai Congot;Kulon Progo;Pantai;Pantai;Rp 5.000;5000;5000;110.0343648;-7.898602818;4.4;Pantai yang berada di dekat muara Sungai Bogowonto, pantai ini menjadi tempat favorit bagi para penggemar memancing dan mereka yang ingin menikmati pemandangan matahari terbenam.;assets/img/Pantai-Congot.jpg.jpg;matched;https://www.google.com/maps?q=-7.898602818,110.0343648
pantai-glagah;Pantai Glagah;Kulon Progo;Pantai;Pantai;Rp 5.000;5000;5000;110.0645479;-7.911270624;4.5;Pantai yang terkenal dengan ribuan pemecah ombak atau tetrapod yang menciptakan deburan ombak raksasa yang dramatis serta memiliki laguna luas yang bisa dikelilingi dengan perahu.;assets/img/Pantai-Glagah.jpeg.jpeg;matched;https://www.google.com/maps?q=-7.911270624,110.0645479
pantai-imorenggo;Pantai Imorenggo;Kulon Progo;Pantai;Pantai;Rp 5.000;5000;5000;110.1825674;-7.965023398;4.3;Pantai yang menawarkan panorama pantai selatan yang masih sepi dan alami sehingga cocok untuk menikmati suasana tenang serta pemandangan matahari terbenam.;;missing;https://www.google.com/maps?q=-7.965023398,110.1825674
pantai-karangwuni;Pantai Karangwuni;Kulon Progo;Pantai;Pantai;Rp 5.000;5000;5000;110.0843684;-7.919906683;4.3;Pantai Karangwuni memiliki suasana alami dengan garis pantai yang cukup luas serta cocok untuk menikmati pemandangan laut dan aktivitas santai di tepi pantai.;;missing;https://www.google.com/maps?q=-7.919906683,110.0843684
pantai-pasir-mendit;Pantai Pasir Mendit;Kulon Progo;Pantai;Pantai;Rp 5.000;5000;5000;110.0194914;-7.894252236;4.4;Pantai yang memiliki suasana yang masih alami dengan hamparan pasir gelap dan ombak khas selatan yang cocok untuk menikmati sunset dan bersantai.;;missing;https://www.google.com/maps?q=-7.894252236,110.0194914
pantai-trisik;Pantai Trisik;Kulon Progo;Pantai;Pantai;Rp 5.000;5000;5000;110.1826208;-7.966551202;4.1;Pantai yang dikenal sebagai kawasan konservasi penyu yang menawarkan suasana pantai pesisir yang tenang dengan aktivitas nelayan lokal dan hamparan pasir hitam yang luas.;assets/img/Pantai-Trisik.jpg.jpg;matched;https://www.google.com/maps?q=-7.966551202,110.1826208
pasir-kadilangu-beach;Pasir Kadilangu Beach;Kulon Progo;Pantai;Pantai;Rp 5.000;5000;5000;110.0287151;-7.894336995;4.3;Pantai yang terkenal dengan area mangrove dan spot foto estetik yang berpadu dengan panorama pantai selatan serta suasana alam yang tenang.;;missing;https://www.google.com/maps?q=-7.894336995,110.0287151
air-terjun-tlogo-muncar;Air Terjun Tlogo Muncar;Sleman;Air Terjun;Air Terjun;Rp 8.000;8000;8000;110.4339648;-7.591506408;4.3;Air terjun setinggi ±40 m di ketinggian 878 mdpl dalam kawasan TNGM, lereng Gunung Merapi.;assets/img/Air Terjun Tlogo Muncar.jpg;matched;https://www.google.com/maps?q=-7.591506408,110.4339648
grojogan-watu-purbo;Grojogan Watu Purbo;Sleman;Air Terjun;Air Terjun;Gratis;0;0;110.3407171;-7.630517099;4.5;Air terjun bertingkat 6 berasal dari Sungai Krasak dan Bebeng, awalnya sabo dam penahan lahar Merapi (1975), dijadikan wisata sejak 2017.;assets/img/Grojogan Watu Purbo.jpg;matched;https://www.google.com/maps?q=-7.630517099,110.3407171
bukit-klangon;Bukit Klangon;Sleman;Gunung;Bukit;Rp 5.000;5000;5000;110.4549062;-7.576664532;4.4;Bukit di lereng Merapi ±1.100 mdpl, spot gardu pandang 5 m menghadap Gunung Merapi.;assets/img/Bukit Klangon.jpg;matched;https://www.google.com/maps?q=-7.576664532,110.4549062
hutan-pinus-turgo;Hutan Pinus Turgo;Sleman;Hutan;Hutan;Rp 10.000;10000;10000;110.4131046;-7.586084963;4.5;Hutan pinus alami di lereng Merapi kawasan Turi–Pakem, cocok untuk trekking ringan dan camping.;assets/img/Hutan Pinus Turgo.jpg;matched;https://www.google.com/maps?q=-7.586084963,110.4131046
kali-kuning;Kali Kuning;Sleman;Sungai;Lainnya;Rp 10.000;10000;10000;110.4377431;-7.822714378;4.5;Kawasan wisata sungai di lereng Merapi dengan jembatan heritage, aliran alami, dan suasana sejuk pegunungan.;assets/img/Kali Kuning.png;matched;https://www.google.com/maps?q=-7.822714378,110.4377431
kaliadem-bunker-merapi;Kaliadem (Bunker Merapi);Sleman;Geologi;Lainnya;Rp 10.000;10000;10000;110.4477789;-7.58265251;4.6;Kawasan vulkanik di lereng Merapi dengan bunker bersejarah, panorama gunung, dan jejak erupsi Merapi.;assets/img/Kaliadem (Bunker Merapi).jpg;matched;https://www.google.com/maps?q=-7.58265251,110.4477789
ledok-sambi;Ledok Sambi;Sleman;Sungai;Lainnya;Rp 20.000;20000;20000;110.42812;-7.647258599;4.6;Lembah ekopark di tepi sungai dengan panorama Merapi, area bermain air, camping, dan suasana pedesaan.;assets/img/Ledok Sambi.jpg;matched;https://www.google.com/maps?q=-7.647258599,110.42812
tlogo-putri-kaliurang;Tlogo Putri Kaliurang;Sleman;Air;Lainnya;Rp 10.000;10000;10000;110.4323679;-7.593318331;4.0;Kawasan wisata hutan dan telaga di Kaliurang dengan wahana air, flying fox, dan akses menuju jalur alam Merapi.;assets/img/Tlogo Putri Kaliurang.jpg;matched;https://www.google.com/maps?q=-7.593318331,110.4323679
